{
  "LogisticCode" : "YT45782342348",
  "ShipperCode" : "YTO",
  "Traces" : [ {
    "AcceptStation" : "【上海市奉贤区南桥公司】 已收件 取件人: 仰琪锋 (02167190359)",
    "AcceptTime" : "2020-05-25 15:59:59"
  }, {
    "AcceptStation" : "【宁波转运中心公司】 已收入",
    "AcceptTime" : "2020-05-26 03:01:31"
  }, {
    "AcceptStation" : "【宁波转运中心】 已发出 下一站 【上海市浦东新区博兴公司】",
    "AcceptTime" : "2020-05-26 03:22:31"
  }, {
    "AcceptStation" : "【浙江省舟山市公司】 已收入",
    "AcceptTime" : "2020-05-26 06:31:51"
  } , {
    "AcceptStation" : "快件已由上海市莱阳路431号店菜鸟驿站代收，请及时取件，如有疑问请联系13262707273",
    "AcceptTime" : "2020-05-28 11:33:33"
  }, {
    "AcceptStation" : "客户签收人: 已签收，签收人凭取货码签收。 已签收  感谢使用圆通速递，期待再次为您服务 如有疑问请联系：13381798120，投诉电话：18521102150",
    "AcceptTime" : "2020-05-28 18:59:55"
  } ],
  "State" : "3",
  "EBusinessID" : "1627883",
  "Success" : true
}
